year,CW_Sites,CW_Surveys,CW_Observations,RC_Sites,RC_Surveys,RC_Observations
2013,4,5,256,11,11,651
2014,12,13,710,13,13,835
2015,10,10,370,13,13,779
2016,11,12,544,13,13,861
2017,11,13,558,13,13,711
2018,10,11,440,12,12,788
2019,9,10,420,11,11,635
2020,4,7,1158,13,13,801
2021,10,17,1532,13,13,807
2022,12,18,960,13,13,797
2023,13,24,1982,13,13,953
2024,13,25,1656,13,13,496
Total,9.916666667,165,10586,12.58333333,151,9114
,average,,,average,,